101,semv,I leopardi bevono il facocero in coppia.,1,I,1,L,O,U,R
101,semv,I leopardi bevono il facocero in coppia.,2,leopardi,8,aviatore,mancanze,tondente,tsngiwox
101,semv,I leopardi bevono il facocero in coppia.,3,bevono,6,audace,canali,plerma,dnjdji
101,semv,I leopardi bevono il facocero in coppia.,4,il,2,va,la,ro,fm
101,semv,I leopardi bevono il facocero in coppia.,5,facocero,8,esibendo,riemerso,glisarno,cwfnlclp
101,semv,I leopardi bevono il facocero in coppia.,6,in,2,la,ho,to,rp
101,semv,I leopardi bevono il facocero in coppia.,7,coppia.,7,ferita.,girare.,grunfo.,civhbh.
101,regular,I leopardi cacciano il facocero in coppia.,1,I,1,L,O,U,G
101,regular,I leopardi cacciano il facocero in coppia.,2,leopardi,8,acrobata,chioccia,stafando,iatorwar
101,regular,I leopardi cacciano il facocero in coppia.,3,cacciano,8,schiverà,scartano,massitro,dalwglwj
101,regular,I leopardi cacciano il facocero in coppia.,4,il,2,un,un,co,fg
101,regular,I leopardi cacciano il facocero in coppia.,5,facocero,8,fioretto,ingoiati,schitigo,brvrbzyl
101,regular,I leopardi cacciano il facocero in coppia.,6,in,2,di,di,fe,tp
101,regular,I leopardi cacciano il facocero in coppia.,7,coppia.,7,scatto.,merito.,cerico.,vxpsne.
101,syntv,I leopardi cacciano la facocero in coppia.,1,I,1,A,O,U,L
101,syntv,I leopardi cacciano la facocero in coppia.,2,leopardi,8,casaccio,presunte,chiseggi,wlqfdghi
101,syntv,I leopardi cacciano la facocero in coppia.,3,cacciano,8,sparerai,esibirsi,ghicisso,rlnetjde
101,syntv,I leopardi cacciano la facocero in coppia.,4,la,2,al,un,co,zb
101,syntv,I leopardi cacciano la facocero in coppia.,5,facocero,8,veterano,giubbino,proderra,pklmrnky
101,syntv,I leopardi cacciano la facocero in coppia.,6,in,2,di,se,de,oc
101,syntv,I leopardi cacciano la facocero in coppia.,7,coppia.,7,sabato.,rimane.,algisi.,mslpqa.
102,semv,Il camaleonte cambia il ragno nel bosco.,1,Il,2,La,La,Ge,Fl
102,semv,Il camaleonte cambia il ragno nel bosco.,2,camaleonte,10,passeggera,incolpando,desinfante,wyoboolesp
102,semv,Il camaleonte cambia il ragno nel bosco.,3,cambia,6,rapina,secolo,asceli,pnmxgq
102,semv,Il camaleonte cambia il ragno nel bosco.,4,il,2,un,un,be,ub
102,semv,Il camaleonte cambia il ragno nel bosco.,5,ragno,5,arabo,corse,fosce,myetz
102,semv,Il camaleonte cambia il ragno nel bosco.,6,nel,3,che,suo,dil,mmf
102,semv,Il camaleonte cambia il ragno nel bosco.,7,bosco.,6,dorme.,mappa.,asaga.,vgzar.
102,regular,Il camaleonte inghiotte il ragno nel bosco.,1,Il,2,La,La,Bi,Tr
102,regular,Il camaleonte inghiotte il ragno nel bosco.,2,camaleonte,10,cortigiana,lavorerete,romescenti,tpuchkkutq
102,regular,Il camaleonte inghiotte il ragno nel bosco.,3,inghiotte,9,condivise,deliziato,pecchisca,rgnnptsmz
102,regular,Il camaleonte inghiotte il ragno nel bosco.,4,il,2,le,ed,ni,bn
102,regular,Il camaleonte inghiotte il ragno nel bosco.,5,ragno,5,birre,fisso,tapra,pizpb
102,regular,Il camaleonte inghiotte il ragno nel bosco.,6,nel,3,con,mai,nai,coe
102,regular,Il camaleonte inghiotte il ragno nel bosco.,7,bosco.,6,tutti.,calci.,solti.,wzyig.
102,syntv,Il camaleonte inghiotte la ragno nel bosco.,1,Il,2,Un,La,Ni,Cf
102,syntv,Il camaleonte inghiotte la ragno nel bosco.,2,camaleonte,10,pellerossa,indossarla,parnamasso,twuunlmccd
102,syntv,Il camaleonte inghiotte la ragno nel bosco.,3,inghiotte,9,avvertirà,peculiare,recannita,bsnjewoll
102,syntv,Il camaleonte inghiotte la ragno nel bosco.,4,la,2,le,un,ca,xf
102,syntv,Il camaleonte inghiotte la ragno nel bosco.,5,ragno,5,bande,fissa,bunno,gmnju
102,syntv,Il camaleonte inghiotte la ragno nel bosco.,6,nel,3,dei,suo,vol,sgd
102,syntv,Il camaleonte inghiotte la ragno nel bosco.,7,bosco.,6,campi.,canto.,finco.,rifhe.
103,regular,Il camionista guida il furgone nella nebbia.,1,Il,2,La,La,Fi,Wk
103,regular,Il camionista guida il furgone nella nebbia.,2,camionista,10,parrocchia,coincidono,sertaghese,adcnflqlom
103,regular,Il camionista guida il furgone nella nebbia.,3,guida,5,rende,tiene,zotto,zteml
103,regular,Il camionista guida il furgone nella nebbia.,4,il,2,la,di,ri,hn
103,regular,Il camionista guida il furgone nella nebbia.,5,furgone,7,giovane,potesse,parosci,rtqmtcf
103,regular,Il camionista guida il furgone nella nebbia.,6,nella,5,molto,visto,bonfa,rzxsd
103,regular,Il camionista guida il furgone nella nebbia.,7,nebbia.,7,timida.,unirti.,rusama.,myjasp.
103,syntv,Il camionista guida la furgone nella nebbia.,1,Il,2,La,Un,Pi,Sy
103,syntv,Il camionista guida la furgone nella nebbia.,2,camionista,10,condannata,tolleranza,ponzerelle,wqdsgfnvlj
103,syntv,Il camionista guida la furgone nella nebbia.,3,guida,5,tiene,finta,millo,vclwg
103,syntv,Il camionista guida la furgone nella nebbia.,4,la,2,lo,un,en,ry
103,syntv,Il camionista guida la furgone nella nebbia.,5,furgone,7,sguardo,credimi,scetolo,czgfitk
103,syntv,Il camionista guida la furgone nella nebbia.,6,nella,5,sulle,padre,fenna,efmsl
103,syntv,Il camionista guida la furgone nella nebbia.,7,nebbia.,7,nuvole.,iniziò.,racima.,msgflr.
103,semv,Il camionista mangia il furgone nella nebbia.,1,Il,2,La,Un,Ga,Lv
103,semv,Il camionista mangia il furgone nella nebbia.,2,camionista,10,presidenza,sospendere,megistrino,duhnceijnw
103,semv,Il camionista mangia il furgone nella nebbia.,3,mangia,6,prenda,ferita,pamigi,zajekm
103,semv,Il camionista mangia il furgone nella nebbia.,4,il,2,un,la,zo,rk
103,semv,Il camionista mangia il furgone nella nebbia.,5,furgone,7,collega,seguire,pernito,mrtepdk
103,semv,Il camionista mangia il furgone nella nebbia.,6,nella,5,dalle,parte,rusci,svenr
103,semv,Il camionista mangia il furgone nella nebbia.,7,nebbia.,7,camere.,ometto.,folime.,uthgnb.
104,semv,Il cane beve la catena con rabbia.,1,Il,2,La,Lo,Fi,Iq
104,semv,Il cane beve la catena con rabbia.,2,cane,4,luce,dirò,bala,onbj
104,semv,Il cane beve la catena con rabbia.,3,beve,4,vidi,cavi,abbe,fyeh
104,semv,Il cane beve la catena con rabbia.,4,la,2,al,un,en,zk
104,semv,Il cane beve la catena con rabbia.,5,catena,6,tempio,tipico,stogna,keldej
104,semv,Il cane beve la catena con rabbia.,6,con,3,del,per,fer,atk
104,semv,Il cane beve la catena con rabbia.,7,rabbia.,7,morale.,sbagli.,beglia.,omuahb.
104,syntv,Il cane morde il catena con rabbia.,1,Il,2,La,Un,Ba,Fg
104,syntv,Il cane morde il catena con rabbia.,2,cane,4,nave,luce,odro,cjci
104,syntv,Il cane morde il catena con rabbia.,3,morde,5,invia,bullo,atica,dcpkw
104,syntv,Il cane morde il catena con rabbia.,4,il,2,un,di,ta,sl
104,syntv,Il cane morde il catena con rabbia.,5,catena,6,nobile,averci,trenci,oegham
104,syntv,Il cane morde il catena con rabbia.,6,con,3,non,hai,gra,crr
104,syntv,Il cane morde il catena con rabbia.,7,rabbia.,7,famoso.,salire.,somina.,dwqcvk.
104,regular,Il cane morde la catena con rabbia.,1,Il,2,La,Di,Pi,Dr
104,regular,Il cane morde la catena con rabbia.,2,cane,4,pace,voce,guba,lbqn
104,regular,Il cane morde la catena con rabbia.,3,morde,5,tende,agita,minza,wsxmp
104,regular,Il cane morde la catena con rabbia.,4,la,2,al,il,el,os
104,regular,Il cane morde la catena con rabbia.,5,catena,6,legame,sporca,madile,nbtrrk
104,regular,Il cane morde la catena con rabbia.,6,con,3,tra,sul,sal,pmg
104,regular,Il cane morde la catena con rabbia.,7,rabbia.,7,popoli.,eccomi.,gabari.,jpfrpl.
105,regular,Il corriere riceve il pacco dal mittente.,1,Il,2,Un,Do,Ob,Sl
105,regular,Il corriere riceve il pacco dal mittente.,2,corriere,8,estraneo,sposiamo,gressane,zwipzyil
105,regular,Il corriere riceve il pacco dal mittente.,3,riceve,6,spinge,usarlo,merchi,fnewlr
105,regular,Il corriere riceve il pacco dal mittente.,4,il,2,un,un,ci,uz
105,regular,Il corriere riceve il pacco dal mittente.,5,pacco,5,carro,tasse,treci,qardl
105,regular,Il corriere riceve il pacco dal mittente.,6,dal,3,nel,ciò,sar,tte
105,regular,Il corriere riceve il pacco dal mittente.,7,mittente.,9,ruscello.,ciascuna.,coripate.,dqaxpbvi.
105,syntv,Il corriere riceve la pacco dal mittente.,1,Il,2,La,Su,Pe,Rk
105,syntv,Il corriere riceve la pacco dal mittente.,2,corriere,8,contessa,officina,muttiolo,laieodpw
105,syntv,Il corriere riceve la pacco dal mittente.,3,riceve,6,vedeva,appeso,gogine,nfnhhe
105,syntv,Il corriere riceve la pacco dal mittente.,4,la,2,un,in,pi,dc
105,syntv,Il corriere riceve la pacco dal mittente.,5,pacco,5,conte,vuota,tusce,mdlor
105,syntv,Il corriere riceve la pacco dal mittente.,6,dal,3,nel,via,pol,rji
105,syntv,Il corriere riceve la pacco dal mittente.,7,mittente.,9,carretto.,scultura.,cascendo.,mdherqdc.
105,semv,Il corriere suona il pacco dal mittente.,1,Il,2,La,La,Ru,Bm
105,semv,Il corriere suona il pacco dal mittente.,2,corriere,8,sospetta,barbiere,glirassa,zpatmvez
105,semv,Il corriere suona il pacco dal mittente.,3,suona,5,frega,matto,ratre,kteqm
105,semv,Il corriere suona il pacco dal mittente.,4,il,2,un,un,gi,sc
105,semv,Il corriere suona il pacco dal mittente.,5,pacco,5,ladro,mezzi,amose,kbyms
105,semv,Il corriere suona il pacco dal mittente.,6,dal,3,nel,voi,adi,mwx
105,semv,Il corriere suona il pacco dal mittente.,7,mittente.,9,castello.,convegno.,rapetino.,mmzyrcjy.
106,regular,Il cuoco prepara il piatto con rapidità.,1,Il,2,La,Di,Ve,jy
106,regular,Il cuoco prepara il piatto con rapidità.,2,cuoco,5,talpa,botta,tarne,cgenl
106,regular,Il cuoco prepara il piatto con rapidità.,3,prepara,7,tentava,sincera,mongava,vbhseyj
106,regular,Il cuoco prepara il piatto con rapidità.,4,il,2,di,un,pi,nx
106,regular,Il cuoco prepara il piatto con rapidità.,5,piatto,6,rubare,coloro,galaro,egrlkv
106,regular,Il cuoco prepara il piatto con rapidità.,6,con,3,nel,sui,apo,mss
106,regular,Il cuoco prepara il piatto con rapidità.,7,rapidità.,9,cimitero.,giravano.,scarillo.,errtdyha.
106,syntv,Il cuoco prepara la piatto con rapidità.,1,Il,2,La,La,Ni,Hf
106,syntv,Il cuoco prepara la piatto con rapidità.,2,cuoco,5,capra,dicci,proga,zmxkl
106,syntv,Il cuoco prepara la piatto con rapidità.,3,prepara,7,ritorna,parlami,martoni,etdaojq
106,syntv,Il cuoco prepara la piatto con rapidità.,4,la,2,di,un,ge,ic
106,syntv,Il cuoco prepara la piatto con rapidità.,5,piatto,6,lunedì,meriti,crotto,lsempp
106,syntv,Il cuoco prepara la piatto con rapidità.,6,con,3,per,hai,edo,cje
106,syntv,Il cuoco prepara la piatto con rapidità.,7,rapidità.,9,mangiare.,malloppo.,mettisce.,mabcnqlw.
106,semv,Il cuoco scrive il piatto con rapidità.,1,Il,2,Un,La,Bu,Wj
106,semv,Il cuoco scrive il piatto con rapidità.,2,cuoco,5,erede,balli,viate,zycje
106,semv,Il cuoco scrive il piatto con rapidità.,3,scrive,6,brucia,vicolo,marnio,mgkels
106,semv,Il cuoco scrive il piatto con rapidità.,4,il,2,la,un,pa,cg
106,semv,Il cuoco scrive il piatto con rapidità.,5,piatto,6,giacca,miglia,osceti,bsrhdm
106,semv,Il cuoco scrive il piatto con rapidità.,6,con,3,del,per,ane,cdu
106,semv,Il cuoco scrive il piatto con rapidità.,7,rapidità.,9,patologo.,marmotta.,tricheno.,qlcbeual.
107,syntv,Il detective ascolta il vittima della rapina.,1,Il,2,La,Un,Co,Hd
107,syntv,Il detective ascolta il vittima della rapina.,2,detective,9,compagnia,qualunque,fensiglio,dkqynohdj
107,syntv,Il detective ascolta il vittima della rapina.,3,ascolta,7,domanda,piccola,gemonda,sxtastn
107,syntv,Il detective ascolta il vittima della rapina.,4,il,2,al,di,na,eb
107,syntv,Il detective ascolta il vittima della rapina.,5,vittima,7,cliente,sistema,ghibete,jyklqnu
107,syntv,Il detective ascolta il vittima della rapina.,6,della,5,tutto,stato,biale,xfidt
107,syntv,Il detective ascolta il vittima della rapina.,7,rapina.,7,quanto.,alberi.,parghe.,oexbwg.
107,regular,Il detective ascolta la vittima della rapina.,1,Il,2,La,La,Be,Dk
107,regular,Il detective ascolta la vittima della rapina.,2,detective,9,relazione,scommetto,pregrappo,lqwrafjjc
107,regular,Il detective ascolta la vittima della rapina.,3,ascolta,7,importa,chiesto,passena,qzksakh
107,regular,Il detective ascolta la vittima della rapina.,4,la,2,al,un,ge,iz
107,regular,Il detective ascolta la vittima della rapina.,5,vittima,7,giovane,siediti,pascina,brkqkaz
107,regular,Il detective ascolta la vittima della rapina.,6,della,5,molto,tutto,seppo,ijwnc
107,regular,Il detective ascolta la vittima della rapina.,7,rapina.,7,onesto.,gelato.,nestre.,boechq.
107,semv,Il detective compila la vittima della rapina.,1,Il,2,La,Un,Bi,Ap
107,semv,Il detective compila la vittima della rapina.,2,detective,9,decisione,relazione,censiglia,ghunngzhh
107,semv,Il detective compila la vittima della rapina.,3,compila,7,ritarda,suscita,vocendo,uhffrhy
107,semv,Il detective compila la vittima della rapina.,4,la,2,se,il,pa,ow
107,semv,Il detective compila la vittima della rapina.,5,vittima,7,vengono,partita,silvone,cwolver
107,semv,Il detective compila la vittima della rapina.,6,della,5,fatti,detto,stedo,mbmfl
107,semv,Il detective compila la vittima della rapina.,7,rapina.,7,membri.,tunnel.,polera.,fbrgwt.
108,semv,Il direttore convoca la bozza del giornalista.,1,Il,2,La,Si,Fo,Rx
108,semv,Il direttore convoca la bozza del giornalista.,2,direttore,9,fortunata,contrario,diloccare,rlsykkotd
108,semv,Il direttore convoca la bozza del giornalista.,3,convoca,7,sposina,versata,fagnote,lgendee
108,semv,Il direttore convoca la bozza del giornalista.,4,la,2,si,un,co,ef
108,semv,Il direttore convoca la bozza del giornalista.,5,bozza,5,rechi,dilla,marlo,ffvwf
108,semv,Il direttore convoca la bozza del giornalista.,6,del,3,dal,con,tan,uvl
108,semv,Il direttore convoca la bozza del giornalista.,7,giornalista.,12,cancelliere.,reputazione.,vernitaglio.,qtlblaykpdv.
108,syntv,Il direttore corregge il bozza del giornalista.,1,Il,2,La,Ad,Ro,Xe
108,syntv,Il direttore corregge il bozza del giornalista.,2,direttore,9,questione,affogando,noperonte,zbsgqegma
108,syntv,Il direttore corregge il bozza del giornalista.,3,corregge,8,deluderà,ventitrè,sullacce,ttylokmu
108,syntv,Il direttore corregge il bozza del giornalista.,4,il,2,le,su,fi,vb
108,syntv,Il direttore corregge il bozza del giornalista.,5,bozza,5,firme,vinse,renza,gfejb
108,syntv,Il direttore corregge il bozza del giornalista.,6,del,3,più,era,can,dlt
108,syntv,Il direttore corregge il bozza del giornalista.,7,giornalista.,12,interessate.,condividere.,moschestato.,gbdkoeuvbll.
108,regular,Il direttore corregge la bozza del giornalista.,1,Il,2,Un,Un,Vo,Fd
108,regular,Il direttore corregge la bozza del giornalista.,2,direttore,9,ufficiale,terribile,calpetone,vyodbvefu
108,regular,Il direttore corregge la bozza del giornalista.,3,corregge,8,ordinerà,ritrarre,gimascio,lvtekswq
108,regular,Il direttore corregge la bozza del giornalista.,4,la,2,il,mi,bi,hw
108,regular,Il direttore corregge la bozza del giornalista.,5,bozza,5,drone,esiti,gesco,aqyvw
108,regular,Il direttore corregge la bozza del giornalista.,6,del,3,più,per,can,kvx
108,regular,Il direttore corregge la bozza del giornalista.,7,giornalista.,12,eccezionale.,interessato.,progidischi.,ittorgbyivv.
109,semv,Il fabbro assume il tubo su misura.,1,Il,2,Un,Un,Gu,Rg
109,semv,Il fabbro assume il tubo su misura.,2,fabbro,6,notaio,fisici,splito,mjsuyg
109,semv,Il fabbro assume il tubo su misura.,3,assume,6,guardò,gelati,trinfa,ufhqni
109,semv,Il fabbro assume il tubo su misura.,4,il,2,la,di,bo,kd
109,semv,Il fabbro assume il tubo su misura.,5,tubo,4,bara,tema,cato,evtk
109,semv,Il fabbro assume il tubo su misura.,6,su,2,in,ad,ge,sp
109,semv,Il fabbro assume il tubo su misura.,7,misura.,7,piazza.,noioso.,franto.,coqmeo.
109,regular,Il fabbro taglia il tubo su misura.,1,Il,2,Un,La,Ni,Fj
109,regular,Il fabbro taglia il tubo su misura.,2,fabbro,6,cubano,imparo,parone,yefflt
109,regular,Il fabbro taglia il tubo su misura.,3,taglia,6,mostra,miglia,manirà,ljrhmf
109,regular,Il fabbro taglia il tubo su misura.,4,il,2,la,un,ga,xh
109,regular,Il fabbro taglia il tubo su misura.,5,tubo,4,bici,onde,bisi,lvyg
109,regular,Il fabbro taglia il tubo su misura.,6,su,2,al,ad,fi,zs
109,regular,Il fabbro taglia il tubo su misura.,7,misura.,7,cowboy.,eterno.,avilli.,kaumqh.
109,syntv,Il fabbro taglia la tubo su misura.,1,Il,2,La,Lo,Ro,Pg
109,syntv,Il fabbro taglia la tubo su misura.,2,fabbro,6,stirpe,gonfie,leschi,zxijiq
109,syntv,Il fabbro taglia la tubo su misura.,3,taglia,6,merita,errori,chisci,unmfuq
109,syntv,Il fabbro taglia la tubo su misura.,4,la,2,un,di,el,qj
109,syntv,Il fabbro taglia la tubo su misura.,5,tubo,4,eroe,uovo,gena,ihqh
109,syntv,Il fabbro taglia la tubo su misura.,6,su,2,in,fa,be,ze
109,syntv,Il fabbro taglia la tubo su misura.,7,misura.,7,eterno.,adatta.,ronale.,fzmphe.
110,semv,Il falegname critica il chiodo con forza.,1,Il,2,Un,La,Ta,Kf
110,semv,Il falegname critica il chiodo con forza.,2,falegname,9,dittatore,ricominci,screcchio,rtfnsmuiw
110,semv,Il falegname critica il chiodo con forza.,3,critica,7,detesta,venirmi,casteto,cmfhqlp
110,semv,Il falegname critica il chiodo con forza.,4,il,2,la,un,ge,sn
110,semv,Il falegname critica il chiodo con forza.,5,chiodo,6,regina,matura,bovesa,meeppo
110,semv,Il falegname critica il chiodo con forza.,6,con,3,del,cui,cai,keo
110,semv,Il falegname critica il chiodo con forza.,7,forza.,6,mondo.,sotto.,dusse.,crnir.
110,regular,Il falegname martella il chiodo con forza.,1,Il,2,La,La,Co,Hf
110,regular,Il falegname martella il chiodo con forza.,2,falegname,9,sostituta,parallelo,pinotipia,itrvbnmft
110,regular,Il falegname martella il chiodo con forza.,3,martella,8,imparava,nominano,peramoca,fnlaerrp
110,regular,Il falegname martella il chiodo con forza.,4,il,2,la,un,ga,ur
110,regular,Il falegname martella il chiodo con forza.,5,chiodo,6,scheda,intero,stimpa,uhbvfr
110,regular,Il falegname martella il chiodo con forza.,6,con,3,più,hai,epa,cjn
110,regular,Il falegname martella il chiodo con forza.,7,forza.,6,volte.,paura.,clusa.,sjndx.
110,syntv,Il falegname martella la chiodo con forza.,1,Il,2,La,Un,Ri,Sc
110,syntv,Il falegname martella la chiodo con forza.,2,falegname,9,poveretta,tropicale,dalaterni,wcergfbhu
110,syntv,Il falegname martella la chiodo con forza.,3,martella,8,rovesciò,adotterà,locchimo,jcvdftwv
110,syntv,Il falegname martella la chiodo con forza.,4,la,2,un,di,ze,dk
110,syntv,Il falegname martella la chiodo con forza.,5,chiodo,6,budino,ideali,grisca,qdverj
110,syntv,Il falegname martella la chiodo con forza.,6,con,3,sul,hai,gri,sij
110,syntv,Il falegname martella la chiodo con forza.,7,forza.,6,letto.,degli.,sipro.,eaxwr.
111,syntv,Il gatto mangia il quaglia in giardino.,1,Il,2,La,La,Ni,Xt
111,syntv,Il gatto mangia il quaglia in giardino.,2,gatto,5,magia,starò,ralsa,sqkip
111,syntv,Il gatto mangia il quaglia in giardino.,3,mangia,6,bianca,capace,strone,vrnniu
111,syntv,Il gatto mangia il quaglia in giardino.,4,il,2,si,un,ro,bn
111,syntv,Il gatto mangia il quaglia in giardino.,5,quaglia,7,celebra,atterri,frazali,buosixq
111,syntv,Il gatto mangia il quaglia in giardino.,6,in,2,di,lo,fi,rv
111,syntv,Il gatto mangia il quaglia in giardino.,7,giardino.,9,continuo.,potreste.,pantarma.,rvkbjrvh.
111,regular,Il gatto mangia la quaglia in giardino.,1,Il,2,La,Un,Pi,Rh
111,regular,Il gatto mangia la quaglia in giardino.,2,gatto,5,sposa,farvi,brovo,zzbxm
111,regular,Il gatto mangia la quaglia in giardino.,3,mangia,6,prende,vecchi,davari,eoaokb
111,regular,Il gatto mangia la quaglia in giardino.,4,la,2,un,il,fi,cj
111,regular,Il gatto mangia la quaglia in giardino.,5,quaglia,7,lampone,seccare,dossati,iieeksv
111,regular,Il gatto mangia la quaglia in giardino.,6,in,2,di,ma,ar,hl
111,regular,Il gatto mangia la quaglia in giardino.,7,giardino.,9,montagna.,discorso.,sevverno.,vbghtyjl.
111,semv,Il gatto rompe la quaglia in giardino.,1,Il,2,La,Un,To,Pl
111,semv,Il gatto rompe la quaglia in giardino.,2,gatto,5,banda,dillo,duzzo,trcwx
111,semv,Il gatto rompe la quaglia in giardino.,3,rompe,5,trovò,gomme,sulpe,puonw
111,semv,Il gatto rompe la quaglia in giardino.,4,la,2,le,il,ni,wd
111,semv,Il gatto rompe la quaglia in giardino.,5,quaglia,7,collane,negherà,cettisa,cvdotnw
111,semv,Il gatto rompe la quaglia in giardino.,6,in,2,di,ho,na,qm
111,semv,Il gatto rompe la quaglia in giardino.,7,giardino.,9,domenica.,traffico.,apegnano.,ghqpdurn.
112,semv,Il macellaio affila il fegato di maiale.,1,Il,2,Un,La,Ga,Pc
112,semv,Il macellaio affila il fegato di maiale.,2,macellaio,9,musicista,cristiani,namattera,gtrvdnaap
112,semv,Il macellaio affila il fegato di maiale.,3,affila,6,sbarca,gasata,oscare,umldiv
112,semv,Il macellaio affila il fegato di maiale.,4,il,2,in,un,fi,ks
112,semv,Il macellaio affila il fegato di maiale.,5,fegato,6,Africa,civile,porona,qpdrbn
112,semv,Il macellaio affila il fegato di maiale.,6,di,2,un,la,ro,tr
112,semv,Il macellaio affila il fegato di maiale.,7,maiale.,7,lunedì.,offesa.,fucere.,zlpsmy.
112,regular,Il macellaio taglia il fegato di maiale.,1,Il,2,La,Un,Pe,Ot
112,regular,Il macellaio taglia il fegato di maiale.,2,macellaio,9,celebrità,cambiarmi,gessofoni,xayqkvdux
112,regular,Il macellaio taglia il fegato di maiale.,3,taglia,6,scrive,urlare,gicelo,prenfj
112,regular,Il macellaio taglia il fegato di maiale.,4,il,2,al,la,ri,dx
112,regular,Il macellaio taglia il fegato di maiale.,5,fegato,6,leader,fresco,brinco,ixhqvy
112,regular,Il macellaio taglia il fegato di maiale.,6,di,2,in,in,co,yb
112,regular,Il macellaio taglia il fegato di maiale.,7,maiale.,7,carica.,flotta.,pafare.,twtbnn.
112,syntv,Il macellaio taglia la fegato di maiale.,1,Il,2,Un,La,Ra,Cl
112,syntv,Il macellaio taglia la fegato di maiale.,2,macellaio,9,meccanico,ammettilo,celibrale,hvttkjmdp
112,syntv,Il macellaio taglia la fegato di maiale.,3,taglia,6,finirà,blocco,palire,fzmypc
112,syntv,Il macellaio taglia la fegato di maiale.,4,la,2,di,lo,gi,jy
112,syntv,Il macellaio taglia la fegato di maiale.,5,fegato,6,pulire,chiusi,mamiso,bdczck
112,syntv,Il macellaio taglia la fegato di maiale.,6,di,2,il,se,to,gl
112,syntv,Il macellaio taglia la fegato di maiale.,7,maiale.,7,motore.,follia.,biropo.,mkfrsr.
113,semv,Il militare lucida il capo di Stato.,1,Il,2,La,Un,Pe,Hg
113,semv,Il militare lucida il capo di Stato.,2,militare,8,proposta,occhiali,presermo,qbuzdddr
113,semv,Il militare lucida il capo di Stato.,3,lucida,6,intima,girate,fadamo,fnewlr
113,semv,Il militare lucida il capo di Stato.,4,il,2,la,ai,ei,fu
113,semv,Il militare lucida il capo di Stato.,5,capo,4,farò,aver,semo,xmhi
113,semv,Il militare lucida il capo di Stato.,6,di,2,se,ho,fi,eq
113,semv,Il militare lucida il capo di Stato.,7,Stato.,6,Posso.,Molto.,Drino.,Ugvre.
113,regular,Il militare scorta il capo di Stato.,1,Il,2,Un,Di,De,Yh
113,regular,Il militare scorta il capo di Stato.,2,militare,8,giornale,occupato,dospando,hnjsbebf
113,regular,Il militare scorta il capo di Stato.,3,scorta,6,scrive,sedile,enniva,kknfmy
113,regular,Il militare scorta il capo di Stato.,4,il,2,un,su,ba,ud
113,regular,Il militare scorta il capo di Stato.,5,capo,4,dato,auto,muni,pblv
113,regular,Il militare scorta il capo di Stato.,6,di,2,su,mi,vo,gd
113,regular,Il militare scorta il capo di Stato.,7,Stato.,6,Tutti.,Siamo.,Genno.,Dflmk.
113,syntv,Il militare scorta la capo di Stato.,1,Il,2,La,Un,En,Lm
113,syntv,Il militare scorta la capo di Stato.,2,militare,8,felicità,orecchie,benidera,gbdnccur
113,syntv,Il militare scorta la capo di Stato.,3,scorta,6,fatica,retino,ilonni,kgwapv
113,syntv,Il militare scorta la capo di Stato.,4,la,2,ad,su,de,cn
113,syntv,Il militare scorta la capo di Stato.,5,capo,4,aver,cane,leta,mfar
113,syntv,Il militare scorta la capo di Stato.,6,di,2,un,in,ol,ds
113,syntv,Il militare scorta la capo di Stato.,7,Stato.,6,Detto.,Prima.,Dredo.,Wfhtr.
114,regular,Il pagliaccio saluta il pubblico al circo.,1,Il,2,Un,La,Gi,Gk
114,regular,Il pagliaccio saluta il pubblico al circo.,2,pagliaccio,10,truffatore,coprifuoco,stallidire,bltntkyhds
114,regular,Il pagliaccio saluta il pubblico al circo.,3,saluta,6,scopre,favola,scogno,ngwvce
114,regular,Il pagliaccio saluta il pubblico al circo.,4,il,2,la,un,to,zl
114,regular,Il pagliaccio saluta il pubblico al circo.,5,pubblico,8,sorpresa,pericolo,scravani,mdesezjh
114,regular,Il pagliaccio saluta il pubblico al circo.,6,al,2,di,su,mo,jm
114,regular,Il pagliaccio saluta il pubblico al circo.,7,circo.,6,lusso.,viola.,nonti.,avvvn.
114,syntv,Il pagliaccio saluta la pubblico al circo.,1,Il,2,La,Se,Ri,Hb
114,syntv,Il pagliaccio saluta la pubblico al circo.,2,pagliaccio,10,cavalleria,trattenere,ellenibile,fjmqaojljq
114,syntv,Il pagliaccio saluta la pubblico al circo.,3,saluta,6,scorta,titoli,banoli,kkvwyd
114,syntv,Il pagliaccio saluta la pubblico al circo.,4,la,2,un,di,gi,mv
114,syntv,Il pagliaccio saluta la pubblico al circo.,5,pubblico,8,sergente,sinistro,festardo,pvggewvd
114,syntv,Il pagliaccio saluta la pubblico al circo.,6,al,2,in,ed,pi,lz
114,syntv,Il pagliaccio saluta la pubblico al circo.,7,circo.,6,villa.,quota.,scapo.,vodtc.
114,semv,Il pagliaccio suona il pubblico al circo.,1,Il,2,Se,La,En,Vd
114,semv,Il pagliaccio suona il pubblico al circo.,2,pagliaccio,10,cercherete,pneumatici,pascatante,ehqifrokmm
114,semv,Il pagliaccio suona il pubblico al circo.,3,suona,5,tanto,magia,dolla,scwvf
114,semv,Il pagliaccio suona il pubblico al circo.,4,il,2,la,un,to,rl
114,semv,Il pagliaccio suona il pubblico al circo.,5,pubblico,8,paziente,suppongo,prasinto,feiivwtg
114,semv,Il pagliaccio suona il pubblico al circo.,6,al,2,lo,ne,ta,px
114,semv,Il pagliaccio suona il pubblico al circo.,7,circo.,6,saprò.,leone.,rispe.,cefcf.
115,regular,Il pittore vende il quadro molto costoso.,1,Il,2,La,Un,Pi,Ft
115,regular,Il pittore vende il quadro molto costoso.,2,pittore,7,bussola,manderà,fatende,cnehdxd
115,regular,Il pittore vende il quadro molto costoso.,3,vende,5,serve,prato,tisci,ejufp
115,regular,Il pittore vende il quadro molto costoso.,4,il,2,al,la,ta,wq
115,regular,Il pittore vende il quadro molto costoso.,5,quadro,6,saggio,pancia,lesoma,ergdkg
115,regular,Il pittore vende il quadro molto costoso.,6,molto,5,delle,anche,treta,cirrm
115,regular,Il pittore vende il quadro molto costoso.,7,costoso.,8,colline.,fulmine.,seviaga.,prkseem.
115,syntv,Il pittore vende la quadro molto costoso.,1,Il,2,La,Un,Ni,Jr
115,syntv,Il pittore vende la quadro molto costoso.,2,pittore,7,suocera,esplode,netechi,dldmesj
115,syntv,Il pittore vende la quadro molto costoso.,3,vende,5,getta,tolga,cinza,ceiud
115,syntv,Il pittore vende la quadro molto costoso.,4,la,2,un,un,co,dr
115,syntv,Il pittore vende la quadro molto costoso.,5,quadro,6,nastro,esseri,rogani,nvuroe
115,syntv,Il pittore vende la quadro molto costoso.,6,molto,5,tutto,posso,grimo,mxfoe
115,syntv,Il pittore vende la quadro molto costoso.,7,costoso.,8,bagnato.,calmata.,adesici.,abrmrhu.
115,semv,Il pittore versa il quadro molto costoso.,1,Il,2,La,Un,Ba,Gb
115,semv,Il pittore versa il quadro molto costoso.,2,pittore,7,prelato,dicesti,polesca,acfspuo
115,semv,Il pittore versa il quadro molto costoso.,3,versa,5,amerà,palmo,cripe,fgrnl
115,semv,Il pittore versa il quadro molto costoso.,4,il,2,un,la,go,rm
115,semv,Il pittore versa il quadro molto costoso.,5,quadro,6,attore,brucia,brinfo,xdrtgh
115,semv,Il pittore versa il quadro molto costoso.,6,molto,5,senza,hanno,trila,alpnt
115,semv,Il pittore versa il quadro molto costoso.,7,costoso.,8,dignità.,cemento.,neorumo.,accdfel.
116,semv,Il poliziotto accende la pattuglia di rinforzo.,1,Il,2,La,Un,Pi,Tr
116,semv,Il poliziotto accende la pattuglia di rinforzo.,2,poliziotto,10,dottoressa,necessario,cammitrani,shyunvkqpr
116,semv,Il poliziotto accende la pattuglia di rinforzo.,3,accende,7,adorava,poteste,fomenne,maqqqtt
116,semv,Il poliziotto accende la pattuglia di rinforzo.,4,la,2,un,il,ro,dw
116,semv,Il poliziotto accende la pattuglia di rinforzo.,5,pattuglia,9,massaggio,fascicolo,gomarello,frhuasxrf
116,semv,Il poliziotto accende la pattuglia di rinforzo.,6,di,2,in,mi,el,zs
116,semv,Il poliziotto accende la pattuglia di rinforzo.,7,rinforzo.,9,boutique.,pugilato.,famarghe.,vfkvmfdd.
116,syntv,Il poliziotto allerta il pattuglia di rinforzo.,1,Il,2,Un,La,Ta,Kl
116,syntv,Il poliziotto allerta il pattuglia di rinforzo.,2,poliziotto,10,colonnello,ovviamente,arbitenevi,ijetqfawmv
116,syntv,Il poliziotto allerta il pattuglia di rinforzo.,3,allerta,7,giudica,andammo,ascarni,ssrjdlp
116,syntv,Il poliziotto allerta il pattuglia di rinforzo.,4,il,2,le,un,co,cd
116,syntv,Il poliziotto allerta il pattuglia di rinforzo.,5,pattuglia,9,copertine,succedono,derimenno,qslrrtngz
116,syntv,Il poliziotto allerta il pattuglia di rinforzo.,6,di,2,in,si,bi,dl
116,syntv,Il poliziotto allerta il pattuglia di rinforzo.,7,rinforzo.,9,sequenza.,iscritti.,laberirà.,lmcdeqqw.
116,regular,Il poliziotto allerta la pattuglia di rinforzo.,1,Il,2,La,Un,Bo,Mx
116,regular,Il poliziotto allerta la pattuglia di rinforzo.,2,poliziotto,10,differenza,stamattina,gordavente,ljkcatixxm
116,regular,Il poliziotto allerta la pattuglia di rinforzo.,3,allerta,7,aumenta,ironico,argessi,mxeiflq
116,regular,Il poliziotto allerta la pattuglia di rinforzo.,4,la,2,il,di,gi,rb
116,regular,Il poliziotto allerta la pattuglia di rinforzo.,5,pattuglia,9,conflitto,rimettere,sambanica,fflwirpsp
116,regular,Il poliziotto allerta la pattuglia di rinforzo.,6,di,2,in,le,fi,eg
116,regular,Il poliziotto allerta la pattuglia di rinforzo.,7,rinforzo.,9,sinagoga.,chiudila.,sfimande.,fhqoruzm.
117,semv,Il postino ripete la posta a mezzogiorno.,1,Il,2,Un,La,Gi,Pv
117,semv,Il postino ripete la posta a mezzogiorno.,2,postino,7,ingenuo,servita,lodelli,rvbhvss
117,semv,Il postino ripete la posta a mezzogiorno.,3,ripete,6,lavava,vivrai,sodica,llmkqk
117,semv,Il postino ripete la posta a mezzogiorno.,4,la,2,il,un,pi,ty
117,semv,Il postino ripete la posta a mezzogiorno.,5,posta,5,tetto,vedrò,larni,oithg
117,semv,Il postino ripete la posta a mezzogiorno.,6,a,1,e,o,u,r
117,semv,Il postino ripete la posta a mezzogiorno.,7,mezzogiorno.,12,ringraziava.,trattamento.,prendettica.,ppadercmjkj.
117,syntv,Il postino ritira il posta a mezzogiorno.,1,Il,2,Un,La,Pe,Nj
117,syntv,Il postino ritira il posta a mezzogiorno.,2,postino,7,critico,privati,surendo,edhtqak
117,syntv,Il postino ritira il posta a mezzogiorno.,3,ritira,6,ripete,navale,oddace,ndoepa
117,syntv,Il postino ritira il posta a mezzogiorno.,4,il,2,di,un,mu,yw
117,syntv,Il postino ritira il posta a mezzogiorno.,5,posta,5,amare,dissi,gaste,msleo
117,syntv,Il postino ritira il posta a mezzogiorno.,6,a,1,i,i,u,q
117,syntv,Il postino ritira il posta a mezzogiorno.,7,mezzogiorno.,12,particolari.,adolescenti.,mellifascia.,nnchepqaurk.
117,regular,Il postino ritira la posta a mezzogiorno.,1,Il,2,La,Un,Bo,Wj
117,regular,Il postino ritira la posta a mezzogiorno.,2,postino,7,ribelle,pallida,robulla,eaiaaoh
117,regular,Il postino ritira la posta a mezzogiorno.,3,ritira,6,scelga,monaci,darega,pnaylm
117,regular,Il postino ritira la posta a mezzogiorno.,4,la,2,un,il,co,dw
117,regular,Il postino ritira la posta a mezzogiorno.,5,posta,5,socio,creda,tanca,wufvv
117,regular,Il postino ritira la posta a mezzogiorno.,6,a,1,o,e,u,g
117,regular,Il postino ritira la posta a mezzogiorno.,7,mezzogiorno.,12,arriveranno.,ascoltatemi.,seciantilla.,hbsekvntaao.
118,semv,Il pubblico sventola la rovesciata del giocatore.,1,Il,2,La,Un,Gi,Db
118,semv,Il pubblico sventola la rovesciata del giocatore.,2,pubblico,8,risposta,comprato,tenestro,lancuehr
118,semv,Il pubblico sventola la rovesciata del giocatore.,3,sventola,8,inusuale,cresceva,coripeli,qiejncgs
118,semv,Il pubblico sventola la rovesciata del giocatore.,4,la,2,fa,il,co,fv
118,semv,Il pubblico sventola la rovesciata del giocatore.,5,rovesciata,10,dispiacere,brasiliana,termitosco,bmsndnrsla
118,semv,Il pubblico sventola la rovesciata del giocatore.,6,del,3,gli,mio,bal,ygd
118,semv,Il pubblico sventola la rovesciata del giocatore.,7,giocatore.,10,ignoranti.,parlargli.,sestegato.,szdcjarpm.
118,syntv,Il pubblico vede il rovesciata del giocatore.,1,Il,2,La,La,Fe,Df
118,syntv,Il pubblico vede il rovesciata del giocatore.,2,pubblico,8,speranza,imparato,levorito,muvvledf
118,syntv,Il pubblico vede il rovesciata del giocatore.,3,vede,4,cura,odio,ceba,vjut
118,syntv,Il pubblico vede il rovesciata del giocatore.,4,il,2,le,un,ba,rj
118,syntv,Il pubblico vede il rovesciata del giocatore.,5,rovesciata,10,contusioni,parliamoci,soventarti,maofncwptk
118,syntv,Il pubblico vede il rovesciata del giocatore.,6,del,3,più,sei,fal,htu
118,syntv,Il pubblico vede il rovesciata del giocatore.,7,giocatore.,10,difficile.,infezione.,monfasone.,sbgoepqtm.
118,regular,Il pubblico vede la rovesciata del giocatore.,1,Il,2,Un,Un,Ti,Gl
118,regular,Il pubblico vede la rovesciata del giocatore.,2,pubblico,8,contatto,migliori,tallosce,rcviqeuu
118,regular,Il pubblico vede la rovesciata del giocatore.,3,vede,4,avrà,caro,vace,fuev
118,regular,Il pubblico vede la rovesciata del giocatore.,4,la,2,il,un,ba,rk
118,regular,Il pubblico vede la rovesciata del giocatore.,5,rovesciata,10,detonatore,strisciato,raccomante,zxdsrdrjfk
118,regular,Il pubblico vede la rovesciata del giocatore.,6,del,3,più,qui,der,isc
118,regular,Il pubblico vede la rovesciata del giocatore.,7,giocatore.,10,richiesto.,diventano.,giovaconi.,akeuygrhv.
119,regular,Il ragazzo lancia il sasso nello stagno.,1,Il,2,La,Un,Ga,Dr
119,regular,Il ragazzo lancia il sasso nello stagno.,2,ragazzo,7,signora,sentito,fetollo,pnccqli
119,regular,Il ragazzo lancia il sasso nello stagno.,3,lancia,6,impara,angeli,nuppio,iidfop
119,regular,Il ragazzo lancia il sasso nello stagno.,4,il,2,un,di,en,vf
119,regular,Il ragazzo lancia il sasso nello stagno.,5,sasso,5,testo,panni,rorra,iltat
119,regular,Il ragazzo lancia il sasso nello stagno.,6,nello,5,dagli,tutto,doffa,bnbnr
119,regular,Il ragazzo lancia il sasso nello stagno.,7,stagno.,7,orfani.,eccole.,plosto.,mmfdkl.
119,syntv,Il ragazzo lancia la sasso nello stagno.,1,Il,2,Lo,Un,Gi,Oj
119,syntv,Il ragazzo lancia la sasso nello stagno.,2,ragazzo,7,avrebbe,vediamo,palisca,lbxeaxh
119,syntv,Il ragazzo lancia la sasso nello stagno.,3,lancia,6,pagato,spinta,sevaga,xnklla
119,syntv,Il ragazzo lancia la sasso nello stagno.,4,la,2,in,di,bo,hk
119,syntv,Il ragazzo lancia la sasso nello stagno.,5,sasso,5,perle,rompi,trago,crrcw
119,syntv,Il ragazzo lancia la sasso nello stagno.,6,nello,5,senza,avrai,varno,yspfv
119,syntv,Il ragazzo lancia la sasso nello stagno.,7,stagno.,7,valore.,rovine.,lilema.,jmfphx.
119,semv,Il ragazzo saluta il sasso nello stagno.,1,Il,2,La,In,Ro,Wp
119,semv,Il ragazzo saluta il sasso nello stagno.,2,ragazzo,7,polizia,insieme,tamento,nnoisqv
119,semv,Il ragazzo saluta il sasso nello stagno.,3,saluta,6,bruciò,nausea,prighe,lgzvwf
119,semv,Il ragazzo saluta il sasso nello stagno.,4,il,2,la,un,ci,sf
119,semv,Il ragazzo saluta il sasso nello stagno.,5,sasso,5,veste,flebo,damia,gzdkr
119,semv,Il ragazzo saluta il sasso nello stagno.,6,nello,5,della,sette,rinna,jdord
119,semv,Il ragazzo saluta il sasso nello stagno.,7,stagno.,7,nemica.,abisso.,agachi.,bhumth.
120,semv,Il regista gira il copione nel camerino.,1,Il,2,La,Un,Ni,Hv
120,semv,Il regista gira il copione nel camerino.,2,regista,7,bambola,ripreso,dattiva,mdsnrhd
120,semv,Il regista gira il copione nel camerino.,3,gira,4,urla,gola,nara,edft
120,semv,Il regista gira il copione nel camerino.,4,il,2,in,di,ba,dk
120,semv,Il regista gira il copione nel camerino.,5,copione,7,facoltà,lettura,schiano,wygwgck
120,semv,Il regista gira il copione nel camerino.,6,nel,3,con,sua,imo,jiv
120,semv,Il regista gira il copione nel camerino.,7,camerino.,9,crudeltà.,pomodori.,sogliedo.,rcwejioy.
120,regular,Il regista legge il copione nel camerino.,1,Il,2,Un,Un,Pa,Wm
120,regular,Il regista legge il copione nel camerino.,2,regista,7,egoista,tenerla,capripe,cfvwvhc
120,regular,Il regista legge il copione nel camerino.,3,legge,5,cerca,piena,sarna,onvqr
120,regular,Il regista legge il copione nel camerino.,4,il,2,la,di,fi,vl
120,regular,Il regista legge il copione nel camerino.,5,copione,7,fedeltà,giocano,narimme,zcehbmu
120,regular,Il regista legge il copione nel camerino.,6,nel,3,dei,noi,udi,cbg
120,regular,Il regista legge il copione nel camerino.,7,camerino.,9,deputati.,panorama.,racivite.,ldtkjfhq.
120,syntv,Il regista legge la copione nel camerino.,1,Il,2,Un,La,Ge,Dx
120,syntv,Il regista legge la copione nel camerino.,2,regista,7,delitto,ridendo,follina,alfheko
120,syntv,Il regista legge la copione nel camerino.,3,legge,5,grave,lasci,samme,iuhsl
120,syntv,Il regista legge la copione nel camerino.,4,la,2,fa,di,ro,fp
120,syntv,Il regista legge la copione nel camerino.,5,copione,7,cronaca,peccati,derelli,amrgwll
120,syntv,Il regista legge la copione nel camerino.,6,nel,3,per,uno,obe,tpu
120,syntv,Il regista legge la copione nel camerino.,7,camerino.,9,processi.,respinto.,varmonio.,jnedirjn.
121,regular,Il viandante accende il fuoco nella steppa.,1,Il,2,La,Lo,An,Zd
121,regular,Il viandante accende il fuoco nella steppa.,2,viandante,9,saputella,calzature,laproseto,xwjmdstdm
121,regular,Il viandante accende il fuoco nella steppa.,3,accende,7,rispose,mancino,odeschi,etiiwgw
121,regular,Il viandante accende il fuoco nella steppa.,4,il,2,ai,ho,go,kz
121,regular,Il viandante accende il fuoco nella steppa.,5,fuoco,5,figli,sarai,tilla,xnwfy
121,regular,Il viandante accende il fuoco nella steppa.,6,nella,5,della,fuori,crano,gprtq
121,regular,Il viandante accende il fuoco nella steppa.,7,steppa.,7,comare.,glorie.,vatamo.,wonube.
121,syntv,Il viandante accende la fuoco nella steppa.,1,Il,2,La,Un,Ba,Yy
121,syntv,Il viandante accende la fuoco nella steppa.,2,viandante,9,fuggiasca,disegnate,ditacarne,cbdgepqol
121,syntv,Il viandante accende la fuoco nella steppa.,3,accende,7,tornava,pentola,vantolo,iseifnd
121,syntv,Il viandante accende la fuoco nella steppa.,4,la,2,al,ha,ta,wd
121,syntv,Il viandante accende la fuoco nella steppa.,5,fuoco,5,paese,onore,tampo,slkde
121,syntv,Il viandante accende la fuoco nella steppa.,6,nella,5,delle,altro,catta,jfghd
121,syntv,Il viandante accende la fuoco nella steppa.,7,steppa.,7,cieche.,urlavo.,scibbe.,tulodl.
121,semv,Il viandante percorre il fuoco nella steppa.,1,Il,2,Le,Un,Fi,Jy
121,semv,Il viandante percorre il fuoco nella steppa.,2,viandante,9,pettegole,asterisco,porretame,xesfetfci
121,semv,Il viandante percorre il fuoco nella steppa.,3,percorre,8,ripetono,nascente,lucerato,evcrkyey
121,semv,Il viandante percorre il fuoco nella steppa.,4,il,2,di,di,ri,oy
121,semv,Il viandante percorre il fuoco nella steppa.,5,fuoco,5,farti,dieci,corla,gbmmp
121,semv,Il viandante percorre il fuoco nella steppa.,6,nella,5,tanto,vuole,tobro,ezrga
121,semv,Il viandante percorre il fuoco nella steppa.,7,steppa.,7,penare.,casale.,grusca.,lvekpy.
122,syntv,La commessa apre il bottega nel pomeriggio.,1,La,2,Il,Il,Pi,Rg
122,syntv,La commessa apre il bottega nel pomeriggio.,2,commessa,8,commando,positive,spregona,qokeijsd
122,syntv,La commessa apre il bottega nel pomeriggio.,3,apre,4,beve,duri,bami,ujpl
122,syntv,La commessa apre il bottega nel pomeriggio.,4,il,2,le,un,ca,ej
122,syntv,La commessa apre il bottega nel pomeriggio.,5,bottega,7,bevande,scivola,vardisa,hiihwdr
122,syntv,La commessa apre il bottega nel pomeriggio.,6,nel,3,dei,mai,sen,jna
122,syntv,La commessa apre il bottega nel pomeriggio.,7,pomeriggio.,11,poliziotti.,precedenti.,pretomante.,oqnfieeelm.
122,regular,La commessa apre la bottega nel pomeriggio.,1,La,2,Il,Un,Ve,Ld
122,regular,La commessa apre la bottega nel pomeriggio.,2,commessa,8,prodigio,batterti,baccheni,rplkkqws
122,regular,La commessa apre la bottega nel pomeriggio.,3,apre,4,dava,lire,sapa,sctf
122,regular,La commessa apre la bottega nel pomeriggio.,4,la,2,un,il,ni,fn
122,regular,La commessa apre la bottega nel pomeriggio.,5,bottega,7,brivido,buttano,daspeno,romgtql
122,regular,La commessa apre la bottega nel pomeriggio.,6,nel,3,già,uno,tan,ndf
122,regular,La commessa apre la bottega nel pomeriggio.,7,pomeriggio.,11,conosciuto.,dovrebbero.,connesotti.,mcnalqprgh.
122,semv,La commessa incassa la bottega nel pomeriggio.,1,La,2,Un,Il,To,Vf
122,semv,La commessa incassa la bottega nel pomeriggio.,2,commessa,8,donatore,notifica,sefiline,bcsnlhrm
122,semv,La commessa incassa la bottega nel pomeriggio.,3,incassa,7,copriva,rullino,bistasi,vnamewt
122,semv,La commessa incassa la bottega nel pomeriggio.,4,la,2,il,un,ge,tg
122,semv,La commessa incassa la bottega nel pomeriggio.,5,bottega,7,reddito,mettili,lubenta,piiemaf
122,semv,La commessa incassa la bottega nel pomeriggio.,6,nel,3,dei,lui,ado,rfr
122,semv,La commessa incassa la bottega nel pomeriggio.,7,pomeriggio.,11,professori.,colonnello.,tropessone.,fhuwinjabh.
123,syntv,La contadina ammazza il gallina nel cortile.,1,La,2,Lo,Il,To,Wy
123,syntv,La contadina ammazza il gallina nel cortile.,2,contadina,9,scagnozzo,natalizie,rapammino,bpbmynjna
123,syntv,La contadina ammazza il gallina nel cortile.,3,ammazza,7,cattura,tragico,perando,uqaqwmh
123,syntv,La contadina ammazza il gallina nel cortile.,4,il,2,un,un,bi,es
123,syntv,La contadina ammazza il gallina nel cortile.,5,gallina,7,omicida,postino,gamisse,vntvhbu
123,syntv,La contadina ammazza il gallina nel cortile.,6,nel,3,del,per,sco,zuh
123,syntv,La contadina ammazza il gallina nel cortile.,7,cortile.,8,circolo.,fagioli.,arrosce.,arjsahn.
123,regular,La contadina ammazza la gallina nel cortile.,1,La,2,Il,Un,Mu,Hz
123,regular,La contadina ammazza la gallina nel cortile.,2,contadina,9,motoscafo,fotocopie,ciacosche,ydtrhgujr
123,regular,La contadina ammazza la gallina nel cortile.,3,ammazza,7,salverà,giocano,gruscio,okohgyx
123,regular,La contadina ammazza la gallina nel cortile.,4,la,2,il,il,pi,kl
123,regular,La contadina ammazza la gallina nel cortile.,5,gallina,7,plotone,beccare,prebaro,vtjiwca
123,regular,La contadina ammazza la gallina nel cortile.,6,nel,3,del,sto,sco,hgf
123,regular,La contadina ammazza la gallina nel cortile.,7,cortile.,8,Vietnam.,sporchi.,trimila.,cznowml.
123,semv,La contadina zappa la gallina nel cortile.,1,La,2,Il,Il,Bo,Zw
123,semv,La contadina zappa la gallina nel cortile.,2,contadina,9,sognatore,birichina,ascetterà,jwxqbjdbu
123,semv,La contadina zappa la gallina nel cortile.,3,zappa,5,smise,idoli,mongo,haunr
123,semv,La contadina zappa la gallina nel cortile.,4,la,2,di,il,be,qo
123,semv,La contadina zappa la gallina nel cortile.,5,gallina,7,sognare,rimetti,nettoli,nfcmmix
123,semv,La contadina zappa la gallina nel cortile.,6,nel,3,per,sul,ope,ors
123,semv,La contadina zappa la gallina nel cortile.,7,cortile.,8,ipotesi.,mediche.,mongate.,dncafad.
124,semv,La gazzella bruca il cucciolo allo zoo.,1,La,2,Lo,Il,Ro,Mt
124,semv,La gazzella bruca il cucciolo allo zoo.,2,gazzella,8,scultore,evacuati,salvonte,sqzszpko
124,semv,La gazzella bruca il cucciolo allo zoo.,3,bruca,5,adorò,amale,norco,mxbsf
124,semv,La gazzella bruca il cucciolo allo zoo.,4,il,2,la,un,bi,kr
124,semv,La gazzella bruca il cucciolo allo zoo.,5,cucciolo,8,cantante,risparmi,degliare,zolsotdm
124,semv,La gazzella bruca il cucciolo allo zoo.,6,allo,4,come,vale,otta,gddu
124,semv,La gazzella bruca il cucciolo allo zoo.,7,zoo.,4,dea.,yen.,eme.,avz.
124,regular,La gazzella partorisce il cucciolo allo zoo.,1,La,2,Le,Un,Ra,Mt
124,regular,La gazzella partorisce il cucciolo allo zoo.,2,gazzella,8,donzelle,auspicio,pograsci,endhypla
124,regular,La gazzella partorisce il cucciolo allo zoo.,3,partorisce,10,guardavano,illuminerà,sarricante,noxgrksozj
124,regular,La gazzella partorisce il cucciolo allo zoo.,4,il,2,un,la,ca,dc
124,regular,La gazzella partorisce il cucciolo allo zoo.,5,cucciolo,8,marinaio,supplico,invosita,wmfpoddd
124,regular,La gazzella partorisce il cucciolo allo zoo.,6,allo,4,bere,odio,erdo,alrj
124,regular,La gazzella partorisce il cucciolo allo zoo.,7,zoo.,4,gin.,fui.,ado.,zgq.
124,syntv,La gazzella partorisce la cucciolo allo zoo.,1,La,2,Il,Un,Bi,Ib
124,syntv,La gazzella partorisce la cucciolo allo zoo.,2,gazzella,8,mecenate,unicorni,pravisti,ejxqkzvf
124,syntv,ejxqkzvf,3,partorisce,10,intervenga,bombolette,alterisano,xgplceuywl
124,syntv,La gazzella partorisce la cucciolo allo zoo.,4,la,2,al,lo,pi,jy
124,syntv,La gazzella partorisce la cucciolo allo zoo.,5,cucciolo,8,discorso,corrotto,lermella,xzghlqvt
124,syntv,La gazzella partorisce la cucciolo allo zoo.,6,allo,4,come,aria,safe,fijc
124,syntv,La gazzella partorisce la cucciolo allo zoo.,7,zoo.,4,può.,ala.,oti.,nzi.
125,regular,La ginnasta esegue il salto senza errori.,1,La,2,Il,Un,Pe,Gr
125,regular,La ginnasta esegue il salto senza errori.,2,ginnasta,8,folletto,decidete,fammisca,aicjwcre
125,regular,La ginnasta esegue il salto senza errori.,3,esegue,6,creerà,scarse,caleta,xxllje
125,regular,La ginnasta esegue il salto senza errori.,4,il,2,un,la,fo,uq
125,regular,La ginnasta esegue il salto senza errori.,5,salto,5,abito,penna,scumo,tiecf
125,regular,La ginnasta esegue il salto senza errori.,6,senza,5,dalla,amico,gonti,vrgbh
125,regular,La ginnasta esegue il salto senza errori.,7,errori.,7,pietra.,stammi.,maiota.,oekleb.
125,syntv,La ginnasta esegue la salto senza errori.,1,La,2,Lo,Il,Co,Av
125,syntv,La ginnasta esegue la salto senza errori.,2,ginnasta,8,stilista,invitate,metriamo,byumbrwd
125,syntv,La ginnasta esegue la salto senza errori.,3,esegue,6,assume,enfasi,perona,xfucgp
125,syntv,La ginnasta esegue la salto senza errori.,4,la,2,un,un,go,ut
125,syntv,La ginnasta esegue la salto senza errori.,5,salto,5,coach,dorme,fassa,ryfgj
125,syntv,La ginnasta esegue la salto senza errori.,6,senza,5,molto,nuovo,dolta,xqugd
125,syntv,La ginnasta esegue la salto senza errori.,7,errori.,7,famoso.,fumare.,trigno.,lsfvwh.
125,semv,La ginnasta solleva il salto senza errori.,1,La,2,Il,Il,Na,Ts
125,semv,La ginnasta solleva il salto senza errori.,2,ginnasta,8,patriota,soffiato,tiscendi,mdfresul 
125,semv,La ginnasta solleva il salto senza errori.,3,solleva,7,guiderà,isolata,gisetta,hmzrfom
125,semv,La ginnasta solleva il salto senza errori.,4,il,2,la,un,bo,ky
125,semv,La ginnasta solleva il salto senza errori.,5,salto,5,ampia,buffo,zarba,othwv
125,semv,La ginnasta solleva il salto senza errori.,6,senza,5,folla,gente,galta,dwggd
125,semv,La ginnasta solleva il salto senza errori.,7,errori.,7,libera.,manchi.,cofire.,gxkrtn.
126,semv,La maestra firma la classe troppo spesso.,1,La,2,Il,In,Pe,Ju
126,semv,La maestra firma la classe troppo spesso.,2,maestra,7,pastore,lampada,lavente,mfhdyee
126,semv,La maestra firma la classe troppo spesso.,3,firma,5,canta,rossi,lanta,mdhse
126,semv,La maestra firma la classe troppo spesso.,4,la,2,in ,un,en,gj
126,semv,La maestra firma la classe troppo spesso.,5,classe,6,chiesa,pagato,ruceto,cvetsf
126,semv,La maestra firma la classe troppo spesso.,6,troppo,6,appena,dentro,attena,iiuqbd
126,semv,La maestra firma la classe troppo spesso.,7,spesso.,7,arriva.,triste.,ossive.,sksklr.
126,syntv,La maestra punisce il classe troppo spesso.,1,La,2,Lo,Il,Fe,Yr
126,syntv,La maestra punisce il classe troppo spesso.,2,maestra,7,schiavo,rimesso,tricche,sywvsvg
126,syntv,La maestra punisce il classe troppo spesso.,3,punisce,7,nascose,carezze,concola,bctylha
126,syntv,La maestra punisce il classe troppo spesso.,4,il,2,un,lo,fi,lv
126,syntv,La maestra punisce il classe troppo spesso.,5,classe,6,anello,lascio,prinna,dmpueh
126,syntv,La maestra punisce il classe troppo spesso.,6,troppo,6,appena,subito,ippina,jolnvl
126,syntv,La maestra punisce il classe troppo spesso.,7,spesso.,7,rubato.,sembri.,coriso.,sotlpf.
126,regular,La maestra punisce la classe troppo spesso.,1,La,2,Il,Un,Bi,Cl
126,regular,La maestra punisce la classe troppo spesso.,2,maestra,7,padrone,bambole,parmale,hodrtqs
126,regular,La maestra punisce la classe troppo spesso.,3,punisce,7,sognava,rullino,ochitto,jvvsquj
126,regular,La maestra punisce la classe troppo spesso.,4,la,2,un,in,en,pg
126,regular,La maestra punisce la classe troppo spesso.,5,classe,6,affare,anello,farimo,nwfjqf
126,regular,La maestra punisce la classe troppo spesso.,6,troppo,6,subito,figlio,zamete,fqxhtv
126,regular,La maestra punisce la classe troppo spesso.,7,spesso.,7,chiuso.,uscita.,visica.,htotua.
127,semv,La papera attraversa il pane nel lago.,1,La,2,Il,Il,Ba,Sf
127,semv,La papera attraversa il pane nel lago.,2,papera,6,tenore,patito,purilo,bvlaen
127,semv,La papera attraversa il pane nel lago.,3,attraversa,10,incontrava,lamentarti,mantolasci,mcnqurlkke
127,semv,La papera attraversa il pane nel lago.,4,il,2,la,un,ca,ry
127,semv,La papera attraversa il pane nel lago.,5,pane,4,spia,coda,vafe,ldjr
127,semv,La papera attraversa il pane nel lago.,6,nel,3,che,sta,sal,wnj
127,semv,La papera attraversa il pane nel lago.,7,lago.,5,morì.,olio.,fiti.,mlrp.
127,regular,La papera mangia il pane nel lago.,1,La,2,Un,Il,Zi,Hf
127,regular,La papera mangia il pane nel lago.,2,papera,6,chicco,elogio,ganela,fffwro
127,regular,La papera mangia il pane nel lago.,3,mangia,6,ottimo,angolo,redore,uygebn
127,regular,La papera mangia il pane nel lago.,4,il,2,di,un,ge,nf
127,regular,La papera mangia il pane nel lago.,5,pane,4,riso,pago,coga,kskp
127,regular,La papera mangia il pane nel lago.,6,nel,3,gli,chi,omi,grt
127,regular,La papera mangia il pane nel lago.,7,lago.,5,darà.,dono.,rerà.,shxb.
127,syntv,La papera mangia la pane nel lago.,1,La,2,Un,Un,To,Bl
127,syntv,La papera mangia la pane nel lago.,2,papera,6,pedone,mostrò,sciote,nckris
127,syntv,La papera mangia la pane nel lago.,3,mangia,6,libera,angolo,fenola,nhjypo
127,syntv,La papera mangia la pane nel lago.,4,la,2,un,un,ta,fk
127,syntv,La papera mangia la pane nel lago.,5,pane,4,lupo,ossa,asco,kofw
127,syntv,La papera mangia la pane nel lago.,6,nel,3,dal,mai,ton,ebr
127,syntv,La papera mangia la pane nel lago.,7,lago.,5,filo.,vice.,lape.,nlpw.
128,semv,La pensionata rammenda la pensione in posta.,1,La,2,Il,Un,Na,Rh
128,semv,La pensionata rammenda la pensione in posta.,2,pensionata,10,dominicano,scartoffia,cascopisce,mbgrfvyznq
128,semv,La pensionata rammenda la pensione in posta.,3,rammenda,8,umilierà,adescava,setadani,bdhbrtuw
128,semv,La pensionata rammenda la pensione in posta.,4,la,2,il,il,vi,jc
128,semv,La pensionata rammenda la pensione in posta.,5,pensione,8,compagno,colleghi,basemalo,upfcethr
128,semv,La pensionata rammenda la pensione in posta.,6,in,2,di,se,ri,rl
128,semv,La pensionata rammenda la pensione in posta.,7,posta.,6,cella.,tasca.,renti.,sscfl.
128,syntv,La pensionata ritira il pensione in posta.,1,La,2,Il,Un,Ba,Xv
128,syntv,La pensionata ritira il pensione in posta.,2,pensionata,10,misantropo,schedatura,dellomendo,uhbheqkkwm
128,syntv,La pensionata ritira il pensione in posta.,3,ritira,6,tirerà,staffe,cendra,zxktlq
128,syntv,La pensionata ritira il pensione in posta.,4,il,2,un,di,go,nb
128,syntv,La pensionata ritira il pensione in posta.,5,pensione,8,cassetto,andrebbe,seschera,gmlqqakl
128,syntv,La pensionata ritira il pensione in posta.,6,in,2,al,ha,pe,sw
128,syntv,La pensionata ritira il pensione in posta.,7,posta.,6,prete.,tazza.,sagio.,xzsad.
128,regular,La pensionata ritira la pensione in posta.,1,La,2,Un,Un,Co,Ks
128,regular,La pensionata ritira la pensione in posta.,2,pensionata,10,farmacista,tettoniche,scramolone,fykonhlpxs
128,regular,La pensionata ritira la pensione in posta.,3,ritira,6,assume,lunare,plange,gvmrpl
128,regular,La pensionata ritira la pensione in posta.,4,la,2,il,il,gi,hk
128,regular,La pensionata ritira la pensione in posta.,5,pensione,8,compagno,immagine,depacina,fdcjnitz
128,regular,La pensionata ritira la pensione in posta.,6,in,2,di,se,fi,df
128,regular,La pensionata ritira la pensione in posta.,7,posta.,6,liceo.,sieda.,ferna.,itmgw.
129,semv,La psicologa accoglie il sedativo al paziente.,1,La,2,Il,Un,Be,Ov
129,semv,La psicologa accoglie il sedativo al paziente.,2,psicologa,9,supplente,ippodromo,baltiscia,wfesdvany
129,semv,La psicologa accoglie il sedativo al paziente.,3,accoglie,8,visitava,chiedeva,becinato,vdbhdnha
129,semv,La psicologa accoglie il sedativo al paziente.,4,il,2,la,lo,bi,ku
129,semv,La psicologa accoglie il sedativo al paziente.,5,sedativo,8,piramide,ostilità,pernatto,wfuyszbk
129,semv,La psicologa accoglie il sedativo al paziente.,6,al,2,in,in,gu,ox
129,semv,La psicologa accoglie il sedativo al paziente.,7,paziente.,9,pubblico.,edificio.,darmente.,bbsvcczf.
129,regular,La psicologa prescrive il sedativo al paziente.,1,La,2,Il,Un,Ba,Vt
129,regular,La psicologa prescrive il sedativo al paziente.,2,psicologa,9,fornitore,irrisolti,ascandare,wkmeiokii
129,regular,La psicologa prescrive il sedativo al paziente.,3,prescrive,9,rassicura,inventori,bigiscada,hprvnaxbo
129,regular,La psicologa prescrive il sedativo al paziente.,4,il,2,un,la,fi,fn
129,regular,La psicologa prescrive il sedativo al paziente.,5,sedativo,8,mercante,avanzare,remolato,pdasopvu
129,regular,La psicologa prescrive il sedativo al paziente.,6,al,2,in ,ne,bi,sc
129,regular,La psicologa prescrive il sedativo al paziente.,7,paziente.,9,stazione.,carriera.,teddando.,vvwdehbh.
129,syntv,La psicologa prescrive la sedativo al paziente.,1,La,2,Il,Il,Po,Sd
129,syntv,La psicologa prescrive la sedativo al paziente.,2,psicologa,9,venditore,riattacca,stengando,wzlevqqgx
129,syntv,La psicologa prescrive la sedativo al paziente.,3,prescrive,9,rivenderà,foruncolo,fallinoma,rmhnrzgtt
129,syntv,La psicologa prescrive la sedativo al paziente.,4,la,2,un,un,fe,on
129,syntv,La psicologa prescrive la sedativo al paziente.,5,sedativo,8,catalogo,collasso,allotone,wnwngzvu
129,syntv,La psicologa prescrive la sedativo al paziente.,6,al,2,di,in,na,sj
129,syntv,La psicologa prescrive la sedativo al paziente.,7,paziente.,9,berretti.,figliolo.,tarniamo.,rwjvpbff.
130,semv,Lo scrittore minaccia il libro in tv.,1,Lo,2,La,Da,Pa,Pl
130,semv,Lo scrittore minaccia il libro in tv.,2,scrittore,9,sicurezza,giocavano,merciotto,pdlinfrhu
130,semv,Lo scrittore minaccia il libro in tv.,3,minaccia,8,contiene,licenzia,piraccia,losltngd
130,semv,Lo scrittore minaccia il libro in tv.,4,il,2,un,se,ve,ht
130,semv,Lo scrittore minaccia il libro in tv.,5,libro,5,senso,primo,talma,natrb
130,semv,Lo scrittore minaccia il libro in tv.,6,in,2,di,la,ni,fg
130,semv,Lo scrittore minaccia il libro in tv.,7,tv.,3,te.,ne.,ge.,ol.
130,regular,Lo scrittore minaccia il libro in tv.,1,Lo,2,Il,Il,Ri,Jq
130,regular,Lo scrittore minaccia il libro in tv.,2,scrittore,9,giocatore,richiesto,scidonchi,zztrxuxiw
130,regular,Lo scrittore minaccia il libro in tv.,3,presenta,8,desidera,sapevano,chisemme,snspckir
130,regular,Lo scrittore minaccia il libro in tv.,4,il,2,un,mi,pi,zy
130,regular,Lo scrittore minaccia il libro in tv.,5,libro,5,fondo,piedi,sagga,qbspk
130,regular,Lo scrittore minaccia il libro in tv.,6,in,2,di,di,ge,nj
130,regular,Lo scrittore minaccia il libro in tv.,7,tv.,3,tè.,va.,ri.,hu.
130,syntv,Lo scrittore minaccia il libro in tv.,1,Lo,2,Il,Un,Be,Ts
130,syntv,Lo scrittore minaccia il libro in tv.,2,scrittore,9,guerriero,femminile,tramitole,qwekrjmlp
130,syntv,Lo scrittore minaccia il libro in tv.,3,presenta,8,tuttavia,orgoglio,ossorità,aycopgqq
130,syntv,Lo scrittore minaccia il libro in tv.,4,la,2,ha,di,pi,eb
130,syntv,Lo scrittore minaccia il libro in tv.,5,libro,5,paura,pezzo,tanno,rgcec
130,syntv,Lo scrittore minaccia il libro in tv.,6,in,2,di,ho,ba,vb
130,syntv,Lo scrittore minaccia il libro in tv.,7,tv.,3,te.,fa.,ge.,mp.
131,semv,Un corridore riduce il traguardo di corsa.,1,Un,2,Il,La,Pi,Hv
131,semv,Un corridore riduce il traguardo di corsa.,2,corridore,9,neurologo,cambiasse,midiastro,kbmwtsqji
131,semv,Un corridore riduce il traguardo di corsa.,3,riduce,6,ignora,pacchi,brusto,yjxlfw
131,semv,Un corridore riduce il traguardo di corsa.,4,il,2,lo,un,na,pb
131,semv,Un corridore riduce il traguardo di corsa.,5,traguardo,9,psicologo,diecimila,sigimente,xzphynofe
131,semv,Un corridore riduce il traguardo di corsa.,6,di,2,su,al,fe,fd
131,semv,Un corridore riduce il traguardo di corsa.,7,corsa.,6,tutto.,odore.,tiona.,ybhmn.
131,regular,Un corridore supera il traguardo di corsa.,1,Un,2,Il,La,Ba,Gp
131,regular,Un corridore supera il traguardo di corsa.,2,corridore,9,sedicenne,antipasti,ditagnava,rjvdulzyc
131,regular,Un corridore supera il traguardo di corsa.,3,supera,6,riuscì,spugna,begito,kgbmnu
131,regular,Un corridore supera il traguardo di corsa.,4,il,2,ad,di,vo,kt
131,regular,Un corridore supera il traguardo di corsa.,5,traguardo,9,accettare,convivere,raterisco,icftgwkan
131,regular,Un corridore supera il traguardo di corsa.,6,di,2,il,al,co,hu
131,regular,Un corridore supera il traguardo di corsa.,7,corsa.,6,gatto.,suono.,drino.,cvfrk.
131,syntv,Un corridore supera la traguardo di corsa.,1,Un,2,Il,La,Ta,Ry
131,syntv,Un corridore supera la traguardo di corsa.,2,corridore,9,pistolero,assorbire,cerametto,vegutlpww
131,syntv,Un corridore supera la traguardo di corsa.,3,supera,6,difese,ceduto,tranio,uhbewl
131,syntv,Un corridore supera la traguardo di corsa.,4,la,2,un,un,go,bm
131,syntv,Un corridore supera la traguardo di corsa.,5,traguardo,9,messicano,bacchetta,feloremma,lguwcvfbt
131,syntv,Un corridore supera la traguardo di corsa.,6,di,2,in,su,co,tj
131,syntv,Un corridore supera la traguardo di corsa.,7,corsa.,6,treno.,siate.,grase.,ythsz.
132,semv,Un falco arruffa la preda dal cielo.,1,Un,2,Il,La,Vo,Tb
132,semv,Un falco arruffa la preda dal cielo.,2,falco,5,razzo,scesa,richi,zmurn
132,semv,Un falco arruffa la preda dal cielo.,3,arruffa,7,squassa,ridiedi,pariola,cpemfhl
132,semv,Un falco arruffa la preda dal cielo.,4,la,2,il,di,ri,br
132,semv,Un falco arruffa la preda dal cielo.,5,preda,5,circo,mensa,lagge,mnsrr
132,semv,Un falco arruffa la preda dal cielo.,6,dal,3,con,per,opa,fdm
132,semv,Un falco arruffa la preda dal cielo.,7,cielo.,6,forza.,fondo.,tanio.,slcnr.
132,syntv,Un falco osserva il preda dal cielo.,1,Un,2,La,Il,Ge,Mw
132,syntv,Un falco osserva il preda dal cielo.,2,falco,5,donna,copre,velpo,xlehv
132,syntv,Un falco osserva il preda dal cielo.,3,osserva,7,picchia,versato,spercio,qscgcny
132,syntv,Un falco osserva il preda dal cielo.,4,il,2,un,lo,ro,nr
132,syntv,Un falco osserva il preda dal cielo.,5,preda,5,ladro,corre,tosce,nftak
132,syntv,Un falco osserva il preda dal cielo.,6,dal,3,nel,sul,sio,eck
132,syntv,Un falco osserva il preda dal cielo.,7,cielo.,6,prato.,zitto.,latre.,zdmrv.
132,regular,Un falco osserva la preda dal cielo.,1,Un,2,La,Il,En,Uf
132,regular,Un falco osserva la preda dal cielo.,2,falco,5,volpe,veste,isaca,ugsmw
132,regular,Un falco osserva la preda dal cielo.,3,osserva,7,ammazza,agnello,pagelie,zvfnedt
132,regular,Un falco osserva la preda dal cielo.,4,la,2,un,un,fe,tb
132,regular,Un falco osserva la preda dal cielo.,5,preda,5,verme,russa,saddi,djqfv
132,regular,Un falco osserva la preda dal cielo.,6,dal,3,nel,per,noa,cjo
132,regular,Un falco osserva la preda dal cielo.,7,cielo.,6,campo.,mille.,freto.,lnkyk.
133,syntv,Un meccanico cambia il ruota della macchina.,1,Un,2,Il,Lo,Bi,Bh
133,syntv,Un meccanico cambia il ruota della macchina.,2,meccanico,9,fotografo,assegnato,tonedisco,cnfheipqw
133,syntv,Un meccanico cambia il ruota della macchina.,3,cambia,6,mostra,calcio,roliga,dvflfe
133,syntv,Un meccanico cambia il ruota della macchina.,4,il,2,un,un,pi,sm
133,syntv,Un meccanico cambia il ruota della macchina.,5,ruota,5,carro,gomma,coghi,ealvr
133,syntv,Un meccanico cambia il ruota della macchina.,6,della,5,molto,stato,nolla,ltmyn
133,syntv,Un meccanico cambia il ruota della macchina.,7,macchina.,9,migliore.,dovrebbe.,pratesco.,wgdfvbks.
133,regular,Un meccanico cambia la ruota della macchina.,1,Un,2,La,Le,Ve,Ae
133,regular,Un meccanico cambia la ruota della macchina.,2,meccanico,9,ragazzina,economica,mendatini,izytfgvrc
133,regular,Un meccanico cambia la ruota della macchina.,3,cambia,6,faceva,finora,chigna,bgaemr
133,regular,Un meccanico cambia la ruota della macchina.,4,la,2,il,il,el,qs
133,regular,Un meccanico cambia la ruota della macchina.,5,ruota,5,gesto,pozzo,regri,uyhev
133,regular,Un meccanico cambia la ruota della macchina.,6,della,5,anche,anche,sello,mkxcd
133,regular,Un meccanico cambia la ruota della macchina.,7,macchina.,9,parlando.,indietro.,prelasco.,dmehqolt.
133,semv,Un meccanico scrive la ruota della macchina.,1,Un,2,Il,Il,Zi,Lk
133,semv,Un meccanico scrive la ruota della macchina.,2,meccanico,9,guerriero,preavviso,stellagni,znbvhtdct
133,semv,Un meccanico scrive la ruota della macchina.,3,scrive,6,spinge,ferite,cischi,naeeid
133,semv,Un meccanico scrive la ruota della macchina.,4,la,2,il,di,ni,jv
133,semv,Un meccanico scrive la ruota della macchina.,5,ruota,5,drago,medio,trobo,ngtrd
133,semv,Un meccanico scrive la ruota della macchina.,6,della,5,molto,tutto,gello,pqlsn
133,semv,Un meccanico scrive la ruota della macchina.,7,macchina.,9,indietro.,cercando.,borlaghi.,rsbptncc.
134,semv,Un mendicante beve il pane nel negozio.,1,Un,2,Il,Il,Go,Hr
134,semv,Un mendicante beve il pane nel negozio.,2,mendicante,10,ginecologo,paragonato,intarnerei,qntxdytwoh
134,semv,Un mendicante beve il pane nel negozio.,3,beve,4,dice,vola,leno,ypkv
134,semv,Un mendicante beve il pane nel negozio.,4,il,2,di,la,ro,qv
134,semv,Un mendicante beve il pane nel negozio.,5,pane,4,fare,gara,vipo,xhuy
134,semv,Un mendicante beve il pane nel negozio.,6,nel,3,più,già,sco,muf
134,semv,Un mendicante beve il pane nel negozio.,7,negozio.,8,ascolti.,scusami.,beresco.,krcyrzc.
134,regular,Un mendicante prende il pane nel negozio.,1,Un,2,Il,La,Ro,Cm
134,regular,Un mendicante prende il pane nel negozio.,2,mendicante,10,ciarlatano,quantomeno,trampolati,efcjxoipko
134,regular,Un mendicante prende il pane nel negozio.,3,prende,6,visita,destra,glisca,tvyybv
134,regular,Un mendicante prende il pane nel negozio.,4,il,2,la,un,pe,oj
134,regular,Un mendicante prende il pane nel negozio.,5,pane,4,gola,gara,tuno,wecf
134,regular,Un mendicante prende il pane nel negozio.,6,nel,3,dei,noi,den,yrb
134,regular,Un mendicante prende il pane nel negozio.,7,negozio.,8,clienti.,maestro.,trivolo.,xdliovr.
134,syntv,Un mendicante prende la pane nel negozio.,1,Un,2,La,Lo,Ri,Sh
134,syntv,Un mendicante prende la pane nel negozio.,2,mendicante,10,sentinella,vendicarti,pagnerelli,wvfrxmigei
134,syntv,Un mendicante prende la pane nel negozio.,3,prende,6,scoprì,serata,agenne,bqbhnq
134,syntv,Un mendicante prende la pane nel negozio.,4,la,2,un,un,gi,hx
134,syntv,Un mendicante prende la pane nel negozio.,5,pane,4,lupo,zero,gari,ohcd
134,syntv,Un mendicante prende la pane nel negozio.,6,nel,3,più,mai,fei,mrt
134,syntv,Un mendicante prende la pane nel negozio.,7,negozio.,8,cattivo.,rischio.,ragondi.,dsphkcd.
135,syntv,Un uomo allaccia il cintura in auto.,1,Un,2,Le,La,Pe,Rh
135,syntv,Un uomo allaccia il cintura in auto.,2,uomo,4,cose,anni,lare,rlih
135,syntv,Un uomo allaccia il cintura in auto.,3,allaccia,8,emettono,esaudire,lamecone,fhwpcsni
135,syntv,Un uomo allaccia il cintura in auto.,4,il,2,un,di,ve,ks
135,syntv,Un uomo allaccia il cintura in auto.,5,cintura,7,profumo,stavate,pretavi,cwnjodf
135,syntv,Un uomo allaccia il cintura in auto.,6,in,2,di,ho,du,kd
135,syntv,Un uomo allaccia il cintura in auto.,7,auto.,5,sera.,vedi.,goro.,gvbh.
135,regular,Un uomo allaccia la cintura in auto.,1,Un,2,La,Il,Bo,Qs
135,regular,Un uomo allaccia la cintura in auto.,2,uomo,4,vita,ecco,supi,etwg
135,regular,Un uomo allaccia la cintura in auto.,3,allaccia,8,colorerà,scorrono,roccente,cvanempy
135,regular,Un uomo allaccia la cintura in auto.,4,la,2,di,un,el,fr
135,regular,Un uomo allaccia la cintura in auto.,5,cintura,7,lacrime,diretti,dazzona,vciwedl
135,regular,Un uomo allaccia la cintura in auto.,6,in,2,le,lo,cu,bt
135,regular,Un uomo allaccia la cintura in auto.,7,auto.,5,foto.,dica.,ceso.,actt.
135,semv,Un uomo conta la cintura in auto.,1,Un,2,Il,Il,Pa,Ms
135,semv,Un uomo conta la cintura in auto.,2,uomo,4,loro,sarà,onne,otnb
135,semv,Un uomo conta la cintura in auto.,3,conta,5,liceo,isola,litta,wtgdy
135,semv,Un uomo conta la cintura in auto.,4,la,2,ha,il,ca,wk
135,semv,Un uomo conta la cintura in auto.,5,cintura,7,sospeso,entrano,stevati,khscdgy
135,semv,Un uomo conta la cintura in auto.,6,in,2,il,ha,pe,nm
135,semv,Un uomo conta la cintura in auto.,7,auto.,5,film.,cosi.,voda.,ytwe.
136,regular,Un vitello beve il latte della madre.,1,Un,2,Il,Le,Be,Zm
136,regular,Un vitello beve il latte della madre.,2,vitello,7,sovrano,scusato,seggire,ixruxhj
136,regular,Un vitello beve il latte della madre.,3,beve,4,crea,taci,megi,bjln
136,regular,Un vitello beve il latte della madre.,4,il,2,la,la,de,lu
136,regular,Un vitello beve il latte della madre.,5,latte,5,spada,venti,furai,vuvrb
136,regular,Un vitello beve il latte della madre.,6,della,5,nella,pugno,galma,vmrpj
136,regular,Un vitello beve il latte della madre.,7,madre.,6,notte.,degli.,barma.,bprmk.
136,syntv,Un vitello beve la latte della madre.,1,Un,2,La,Di,Ge,Ml
136,syntv,Un vitello beve la latte della madre.,2,vitello,7,finanza,potersi,solvare,vwygiuh
136,syntv,Un vitello beve la latte della madre.,3,beve,4,apre,cuce,boci,rcoi
136,syntv,Un vitello beve la latte della madre.,4,la,2,un,un,fi,ek
136,syntv,Un vitello beve la latte della madre.,5,latte,5,liceo,genio,mutte,vivuh
136,syntv,Un vitello beve la latte della madre.,6,della,5,tutto,fatto,onchi,qvdcr
136,syntv,Un vitello beve la latte della madre.,7,madre.,6,nuovo.,preso.,trugo.,iilsd.
136,semv,Un vitello rumina il latte della madre.,1,Un,2,La,Il,Ga,Bk
136,semv,Un vitello rumina il latte della madre.,2,vitello,7,cognata,abbassi,sarista,rgdfoia
136,semv,Un vitello rumina il latte della madre.,3,rumina,6,comprò,pagaci,gagota,ujmjwo
136,semv,Un vitello rumina il latte della madre.,4,il,2,le,un,de,vf
136,semv,Un vitello rumina il latte della madre.,5,latte,5,carte,debba,asemi,abuny
136,semv,Un vitello rumina il latte della madre.,6,della,5,dagli,gatto,balta,nukpm
136,semv,Un vitello rumina il latte della madre.,7,madre.,6,altri.,avuto.,fiane.,uokop.
137,syntv,Una scimmia graffia il schiena della compagna.,1,Una,3,Nel,Per,Opa,Gzy
137,syntv,Una scimmia graffia il schiena della compagna.,2,scimmia,7,settore,rifiuto,mendira,mgepalg
137,syntv,Una scimmia graffia il schiena della compagna.,3,graffia,7,fornirò,ribolle,cammodo,fnheokp
137,syntv,Una scimmia graffia il schiena della compagna.,4,il,2,un,di,pi,pw
137,syntv,Una scimmia graffia il schiena della compagna.,5,schiena,7,compito,speravo,campelo,jndeyta
137,syntv,Una scimmia graffia il schiena della compagna.,6,della,5,detto,tutto,stota,krhto
137,syntv,Una scimmia graffia il schiena della compagna.,7,compagna.,9,standard.,permetti.,sformila.,acvjejgf.
137,regular,Una scimmia graffia la schiena della compagna.,1,Una,3,Per,Per,Ofe,Jpd
137,regular,Una scimmia graffia la schiena della compagna.,2,scimmia,7,lottare,caspita,menarri,ozuulhq
137,regular,Una scimmia graffia la schiena della compagna.,3,graffia,7,ricatta,sciarpe,scennio,olwhipx
137,regular,Una scimmia graffia la schiena della compagna.,4,la,2,il,il,pa,fr
137,regular,Una scimmia graffia la schiena della compagna.,5,schiena,7,padrone,cavalli,ceberne,knegpta
137,regular,Una scimmia graffia la schiena della compagna.,6,della,5,nella,detto,cobbe,swfvk
137,regular,Una scimmia graffia la schiena della compagna.,7,compagna.,9,galleria.,litigare.,perterna.,encjdkbt.
137,semv,Una scimmia mangia la schiena della compagna.,1,Una,3,Gli,Per,Ser,Rnt
137,semv,Una scimmia mangia la schiena della compagna.,2,scimmia,7,uccelli,mandata,dattoni,lamfqji
137,semv,Una scimmia mangia la schiena della compagna.,3,mangia,6,volano,estate,soline,retrtb
137,semv,Una scimmia mangia la schiena della compagna.,4,la,2,di,un,ta,kw
137,semv,Una scimmia mangia la schiena della compagna.,5,schiena,7,mattina,vederla,callege,jkwkxcs
137,semv,Una scimmia mangia la schiena della compagna.,6,della,5,sulla,stato,ferno,sikst
137,semv,Una scimmia mangia la schiena della compagna.,7,compagna.,9,capitale.,condotto.,patrallo.,cmrtdgao.
138,semv,Uno spettatore fornisce la trasmissione con noia.,1,Uno,3,Gli,Con,Ofe,Ljn
138,semv,Uno spettatore fornisce la trasmissione con noia.,2,spettatore,10,psichiatri,manteniamo,attersillo,xklstegaiu
138,semv,Uno spettatore fornisce la trasmissione con noia.,3,fornisce,8,scrivono,calcagna,tondicca,psjbftxk
138,semv,Uno spettatore fornisce la trasmissione con noia.,4,la,2,al,un,ca,wb
138,semv,Uno spettatore fornisce la trasmissione con noia.,5,trasmissione,12,responsabile,dimenticherò,cascalircelo,dhzwirsqgfne
138,semv,Uno spettatore fornisce la trasmissione con noia.,6,con,3,del,non,par,kxg
138,semv,Uno spettatore fornisce la trasmissione con noia.,7,noia.,5,faro.,crea.,repo.,gmfn.
138,syntv,Uno spettatore guarda il trasmissione con noia.,1,Uno,3,Nel,Una,Sen,Gbf
138,syntv,Uno spettatore guarda il trasmissione con noia.,2,spettatore,10,pomeriggio,inciampato,tognolette,hjfbdqznpy
138,syntv,Uno spettatore guarda il trasmissione con noia.,3,guarda,6,stiamo,storia,pratto,rdzqpa
138,syntv,Uno spettatore guarda il trasmissione con noia.,4,il,2,al,di,ri,rx
138,syntv,Uno spettatore guarda il trasmissione con noia.,5,trasmissione,12,supermercato,controllando,allegnamessi,tuvgomcrznav
138,syntv,Uno spettatore guarda il trasmissione con noia.,6,con,3,del,per,eta,zmq
138,syntv,Uno spettatore guarda il trasmissione con noia.,7,noia.,5,capo.,euro.,defi.,ytpo.
138,regular,Uno spettatore guarda la trasmissione con noia.,1,Uno,3,Gli,Per,Opa,Vhd
138,regular,Uno spettatore guarda la trasmissione con noia.,2,spettatore,10,estremisti,lanciatore,ghirratale,rmvocfwlkb
138,regular,Uno spettatore guarda la trasmissione con noia.,3,guarda,6,vorrei,dentro,tagoro,nwdfes
138,regular,Uno spettatore guarda la trasmissione con noia.,4,la,2,in,un,en,sb
138,regular,Uno spettatore guarda la trasmissione con noia.,5,trasmissione,12,collegamento,intelligenti,demmarandolo,liezphjqgkol
138,regular,Uno spettatore guarda la trasmissione con noia.,6,con,3,per,hai,meo,sjr
138,regular,Uno spettatore guarda la trasmissione con noia.,7,noia.,5,poco.,mise.,immi.,rxds.
139,regular,Il pompiere spegne il fuoco senza paura.,1,Il,2,La,In,Gi,Sr
139,regular,Il pompiere spegne il fuoco senza paura.,2,pompiere,8,reporter,riposati,vorriere,eirndfit
139,regular,Il pompiere spegne il fuoco senza paura.,3,spegne,6,scrive,ghetto,svotto,edcjpw
139,regular,Il pompiere spegne il fuoco senza paura.,4,il,2,un,un,pa,vk
139,regular,Il pompiere spegne il fuoco senza paura.,5,fuoco,5,libro,passo,ameti,fwime
139,regular,Il pompiere spegne il fuoco senza paura.,6,senza,5,sullo,porta,billa,jvscp
139,regular,Il pompiere spegne il fuoco senza paura.,7,paura.,6,stato.,scusa.,sanco.,qwqck.
139,syntv,Il pompiere spegne la fuoco senza paura.,1,Il,2,Lo,Un,Bi,Bv
139,syntv,Il pompiere spegne la fuoco senza paura.,2,pompiere,8,sportivo,giornate,soggenti,cefcqeyi
139,syntv,Il pompiere spegne la fuoco senza paura.,3,spegne,6,scatta,stacco,scenga,cpqyeb
139,syntv,Il pompiere spegne la fuoco senza paura.,4,la,2,di,di,pe,pg
139,syntv,Il pompiere spegne la fuoco senza paura.,5,fuoco,5,corsa,dimmi,tammi,ebpbo
139,syntv,Il pompiere spegne la fuoco senza paura.,6,senza,5,sulla,quasi,arere,spvll
139,syntv,Il pompiere spegne la fuoco senza paura.,7,paura.,6,pista.,cuore.,morpo.,kpwbl.
139,semv,Il pompiere salva il fuoco senza paura.,1,Il,2,Un,Ho,Fo,Rg
139,semv,Il pompiere salva il fuoco senza paura.,2,pompiere,8,tassista,sostanze,rempinta,xpenygdl
139,semv,Il pompiere salva il fuoco senza paura.,3,salva,5,guida,sposo,masco,vbnft
139,semv,Il pompiere salva il fuoco senza paura.,4,il,2,di,lo,ga,hg
139,semv,Il pompiere salva il fuoco senza paura.,5,fuoco,5,notte,resto,bemmi,dmdse
139,semv,Il pompiere salva il fuoco senza paura.,6,senza,5,nella,morte,efeno,flprr
139,semv,Il pompiere salva il fuoco senza paura.,7,paura.,6,città.,testa.,calpa.,dpghh.
